"Material","Energy_MeV","CrossSection_cm2_g","Attenuation_cm_1","EnergyAttenuation_cm_1"
"Air_J","0,001","0,012952608987689018","17,151840209960938","17,119590759277344"
"Air_J","0,0015","0,023891253396868706","3,8368959426879883","3,82858943939209"
"Air_J","0,002","0,034992191940546036","0,702495813369751","0,7003470659255981"
"Air_J","0,003","0,05563127622008324","0,2908536493778229","0,28941595554351807"
"Air_J","0,004","0,07333053648471832","0,10687939077615738","0,10484901070594788"
"Air_J","0,005","0,08814288675785065","0,09927712380886078","0,09733094274997711"
"Air_J","0,006","0,10046160221099854","0,034493640065193176","0,03351788967847824"
"Air_J","0,008","0,11915887892246246","0,014112506061792374","0,013476533815264702"
"Air_J","0,01","0,13199198246002197","0,006604422349482775","0,006117247510701418"
"Air_J","0,015","0,14859291911125183","0,002747714053839445","0,002368299523368478"
"Air_J","0,02","0,1562187522649765","0,0010306043550372124","0,0007209907053038478"
"Air_J","0,03","0,16326162219047546","0,0005506823072209954","0,00028386316262185574"
"Air_J","0,04","0,16430851817131042","0,00032740290043875575","9,366837912239134E-05"
"Air_J","0,05","0,16258594393730164","0,0003192851727362722","8,726260421099141E-05"
"Air_J","0,06","0,1596171110868454","0,00024702525115571916","4,1913379391189665E-05"
"Air_J","0,08","0,15259242057800293","0,00021651669521816075","3,1660045351600274E-05"
"Air_J","0,1","0,14569564163684845","0,0001987490977626294","2,9996561352163553E-05"
"Air_J","0,15","0,13140715658664703","0,00017841190856415778","3,1870396924205124E-05"
"Air_J","0,2","0,12073295563459396","0,00015952748071867973","3,4417967981426045E-05"
"Air_J","0,3","0,10569655895233154","0,00014140375424176455","3,6609872040571645E-05"
"Air_J","0,4","0,09521332383155823","0,00012391489872243255","3,7996571336407214E-05"
"Air_J","0,5","0,08724548667669296","0,00012291906750760972","3,8051835872465745E-05"
"Air_J","0,6","0,08087199181318283","0,000105584658740554","3,812377690337598E-05"
"Air_J","0,8","0,07113970071077347","9,220952051691711E-05","3,7253535992931575E-05"
"Air_J","1","0,06393397599458694","9,125329233938828E-05","3,718522930284962E-05"
"Lung_J","0,001","0,017284540459513664","5721,408203125","5711,6845703125"
"Lung_J","0,0015","0,0298272967338562","1102,779296875","1100,66796875"
"Lung_J","0,002","0,04214728996157646","154,04510498046875","153,52340698242188"
"Lung_J","0,003","0,0645236074924469","66,95896911621094","66,44198608398438"
"Lung_J","0,004","0,08343077450990677","23,005510330200195","22,66847038269043"
"Lung_J","0,005","0,09916497021913528","21,340713500976562","21,01643180847168"
"Lung_J","0,006","0,11223796755075455","7,417414665222168","7,232697486877441"
"Lung_J","0,008","0,1321573406457901","3,0334770679473877","2,904367685317993"
"Lung_J","0,01","0,14599338173866272","1,4194085597991943","1,3171676397323608"
"Lung_J","0,015","0,16459079086780548","0,5906899571418762","0,5093880295753479"
"Lung_J","0,02","0,1734091192483902","0,22204530239105225","0,1547822505235672"
"Lung_J","0,03","0,18120208382606506","0,11936409771442413","0,06089717149734497"
"Lung_J","0,04","0,1821535974740982","0,07164343446493149","0,02012680284678936"
"Lung_J","0,05","0,180075541138649","0,06990969181060791","0,018756460398435593"
"Lung_J","0,06","0,17666809260845184","0,05448685586452484","0,009102041833102703"
"Lung_J","0,08","0,16873805224895477","0,0479125902056694","0,006952714174985886"
"Lung_J","0,1","0,16101618111133575","0,04407260939478874","0,006629196461290121"
"Lung_J","0,15","0,1451035588979721","0,03960259258747101","0,0070692929439246655"
"Lung_J","0,2","0,13325926661491394","0,035427358001470566","0,007645091973245144"
"Lung_J","0,3","0,11661341041326523","0,03141364827752113","0,00813449826091528"
"Lung_J","0,4","0,10502639412879944","0,027531050145626068","0,008443157188594341"
"Lung_J","0,5","0,09622661769390106","0,027310064062476158","0,00845553819090128"
"Lung_J","0,6","0,08919083327054977","0,023465663194656372","0,008474769070744514"
"Lung_J","0,8","0,07845126837491989","0,020494386553764343","0,008281893096864223"
"Lung_J","1","0,07050205022096634","0,020282020792365074","0,008266768418252468"
"Muscle_J","0,001","0,017216503620147705","33715,9375","33663,01953125"
"Muscle_J","0,0015","0,029745571315288544","5986,052734375","5975,6640625"
"Muscle_J","0,002","0,04206329211592674","605,5965576171875","603,5594482421875"
"Muscle_J","0,003","0,06445159018039703","260,60223388671875","258,78607177734375"
"Muscle_J","0,004","0,08337787538766861","90,81829833984375","89,3644027709961"
"Muscle_J","0,005","0,09913076460361481","84,32160949707031","82,91690826416016"
"Muscle_J","0,006","0,11221934854984283","29,33120346069336","28,56302261352539"
"Muscle_J","0,008","0,13215874135494232","12,006974220275879","11,480921745300293"
"Muscle_J","0,01","0,14600172638893127","5,624462127685547","5,211352348327637"
"Muscle_J","0,015","0,16458092629909515","2,344609498977661","2,017169713973999"
"Muscle_J","0,02","0,17337147891521454","0,8845865726470947","0,6139304637908936"
"Muscle_J","0,03","0,18113122880458832","0,4772656559944153","0,24186909198760986"
"Muscle_J","0,04","0,18206462264060974","0,28776395320892334","0,08020094782114029"
"Muscle_J","0,05","0,17997583746910095","0,28087228536605835","0,07476450502872467"
"Muscle_J","0,06","0,1765618473291397","0,2194356471300125","0,036462556570768356"
"Muscle_J","0,08","0,1686255782842636","0,19314828515052795","0,027962082996964455"
"Muscle_J","0,1","0,16090203821659088","0,177743062376976","0,026711611077189445"
"Muscle_J","0,15","0,14499200880527496","0,15975312888622284","0,028511252254247665"
"Muscle_J","0,2","0,13315266370773315","0,1429281383752823","0,030844250693917274"
"Muscle_J","0,3","0,11651653051376343","0,1267419159412384","0,032821718603372574"
"Muscle_J","0,4","0,10493762046098709","0,1110834851861","0,03406838700175285"
"Muscle_J","0,5","0,09614450484514236","0,11019215732812881","0,03411838412284851"
"Muscle_J","0,6","0,08911426365375519","0,09468179941177368","0,034196220338344574"
"Muscle_J","0,8","0,07838349789381027","0,08269268274307251","0,033417489379644394"
"Muscle_J","1","0,07044092565774918","0,0818357765674591","0,03335642069578171"
"SpineBone_J","0,001","0,015504430048167706","39468,78125","39404,03515625"
"SpineBone_J","0,0015","0,027119919657707214","6915,99609375","6903,62109375"
"SpineBone_J","0,002","0,038614414632320404","777,4459838867188","774,5977172851562"
"SpineBone_J","0,003","0,059623073786497116","439,6802062988281","432,2358093261719"
"SpineBone_J","0,004","0,07746906578540802","158,62445068359375","155,47882080078125"
"SpineBone_J","0,005","0,09237395972013474","316,0950927734375","288,485107421875"
"SpineBone_J","0,006","0,10479247570037842","123,544189453125","114,7432861328125"
"SpineBone_J","0,008","0,12377781420946121","53,98971939086914","50,591068267822266"
"SpineBone_J","0,01","0,13701927661895752","26,409465789794922","24,756591796875"
"SpineBone_J","0,015","0,15494577586650848","11,035820007324219","10,188714027404785"
"SpineBone_J","0,02","0,163652703166008","3,8751821517944336","3,388092517852783"
"SpineBone_J","0,03","0,17172732949256897","1,7364845275878906","1,3688764572143555"
"SpineBone_J","0,04","0,17314566671848297","0,7362756133079529","0,44011151790618896"
"SpineBone_J","0,05","0,1715313345193863","0,7001255750656128","0,40718066692352295"
"SpineBone_J","0,06","0,1685442179441452","0,40079331398010254","0,1506289690732956"
"SpineBone_J","0,08","0,16131830215454102","0,29863905906677246","0,07689572870731354"
"SpineBone_J","0,1","0,15414740145206451","0,25360172986984253","0,052862755954265594"
"SpineBone_J","0,15","0,1391868144273758","0,21717026829719543","0,04409101605415344"
"SpineBone_J","0,2","0,12795647978782654","0,1893327534198761","0,04229268431663513"
"SpineBone_J","0,3","0,11208663135766983","0,16648568212985992","0,04358308017253876"
"SpineBone_J","0,4","0,10099799931049347","0,14523962140083313","0,04462836682796478"
"SpineBone_J","0,5","0,09256068617105484","0,14404676854610443","0,04467310011386871"
"SpineBone_J","0,6","0,08580726385116577","0,12355577945709229","0,044607844203710556"
"SpineBone_J","0,8","0,0754893496632576","0,10782378166913986","0,04353000223636627"
"SpineBone_J","1","0,06784695386886597","0,10669980198144913","0,04344615712761879"
"RibBone_J","0,001","0,014369228854775429","61462,87890625","61359,97265625"
"RibBone_J","0,0015","0,025311412289738655","10732,40234375","10712,6875"
"RibBone_J","0,002","0,036163318902254105","1161,0001220703125","1156,5523681640625"
"RibBone_J","0,003","0,056035879999399185","739,9276733398438","725,0113525390625"
"RibBone_J","0,004","0,07295338064432144","271,2851867675781","265,6273193359375"
"RibBone_J","0,005","0,08711313456296921","638,1102294921875","576,437744140625"
"RibBone_J","0,006","0,09893731772899628","253,15594482421875","233,87008666992188"
"RibBone_J","0,008","0,11707860976457596","111,4502944946289","104,27466583251953"
"RibBone_J","0,01","0,12980225682258606","54,7475700378418","51,44954299926758"
"RibBone_J","0,015","0,1472407728433609","22,85053062438965","21,305482864379883"
"RibBone_J","0,02","0,1559567153453827","7,924958229064941","7,142051696777344"
"RibBone_J","0,03","0,16437692940235138","3,4393768310546875","2,890078544616699"
"RibBone_J","0,04","0,16623590886592865","1,3420660495758057","0,9241534471511841"
"RibBone_J","0,05","0,16503292322158813","1,2663695812225342","0,854124903678894"
"RibBone_J","0,06","0,1624067723751068","0,6458256840705872","0,30381786823272705"
"RibBone_J","0,08","0,15576834976673126","0,44126492738723755","0,14250360429286957"
"RibBone_J","0,1","0,1490454226732254","0,35620933771133423","0,08794023096561432"
"RibBone_J","0,15","0,1348392814397812","0,2948662042617798","0,06503741443157196"
"RibBone_J","0,2","0,12408360838890076","0,25214052200317383","0,05772934854030609"
"RibBone_J","0,3","0,10880127549171448","0,22026608884334564","0,05810890346765518"
"RibBone_J","0,4","0,09808342903852463","0,19142398238182068","0,058889809995889664"
"RibBone_J","0,5","0,08991304039955139","0,18982134759426117","0,0589277446269989"
"RibBone_J","0,6","0,0833662897348404","0,162590891122818","0,058671984821558"
"RibBone_J","0,8","0,0733552798628807","0,14180445671081543","0,05719621852040291"
"RibBone_J","1","0,06593522429466248","0,14031986892223358","0,05708211287856102"
"Water","0,001","0,017693303525447845","4597,216796875","4582,81982421875"
"Water","0,0015","0,03037194535136223","1851,60986328125","1846,41943359375"
"Water","0,002","0,04278084635734558","637,0165405273438","634,889892578125"
"Water","0,003","0,06525548547506332","266,2972717285156","264,94482421875"
"Water","0,004","0,08420970290899277","88,41112518310547","87,51614379882812"
"Water","0,005","0,0999709963798523","81,87822723388672","81,00350952148438"
"Water","0,006","0,11306451261043549","28,216136932373047","27,599437713623047"
"Water","0,008","0,13302472233772278","11,461627960205078","10,991530418395996"
"Water","0,01","0,1469101756811142","5,334122180938721","4,948393821716309"
"Water","0,015","0,16566234827041626","2,21315336227417","1,9011590480804443"
"Water","0,02","0,17460305988788605","0,8318606615066528","0,5715818405151367"
"Water","0,03","0,182499498128891","0,4504826068878174","0,2238750159740448"
"Water","0,04","0,18347492814064026","0,27359911799430847","0,0738561600446701"
"Water","0,05","0,18139149248600006","0,26717838644981384","0,06884518265724182"
"Water","0,06","0,17796607315540314","0,2098758965730667","0,03394229710102081"
"Water","0,08","0,1699867844581604","0,18516363203525543","0,0264073945581913"
"Water","0,1","0,1622132956981659","0,17056232690811157","0,025445882230997086"
"Water","0,15","0,14618948101997375","0,15338626503944397","0,027300391346216202"
"Water","0,2","0,1342599093914032","0,13727103173732758","0,029597168788313866"
"Water","0,3","0,11749190092086792","0,12173207104206085","0,031510159373283386"
"Water","0,4","0,10581883043050766","0,10668440908193588","0,032713502645492554"
"Water","0,5","0,09695328027009964","0,10582784563302994","0,03276176005601883"
"Water","0,6","0,08986473083496094","0,09093280881643295","0,032839033752679825"
"Water","0,8","0,0790443941950798","0,07942165434360504","0,03209412470459938"
"Water","1","0,0710352435708046","0,07859893143177032","0,032035719603300095"
